cluster,total_gasto,media_gasto
0,2210.478615025794,198.9792372470522
1,43849.54218033964,341.4613845333458
2,6715.276524565207,940.2859258960542
